﻿Movie,Viewer,Review,Rating
The Wizard of Oz (1939),"Mark,Mary","Great movie, excellent plot!",5
Get Out (2017),"Tariq,Candice",Could have had better character devlopment.,3
The Wizard of Oz (1939),Olga,Ok.,Not Collected
Dunkirk (2017),"Candice,Tariq","I loved it, recommended it to all my friends!",5
The Jungle Book (2016),Olga,"A great movie, but I felt the plot was rushed.",4
High Noon (1952),Aaron,Will not watch again.,1
Get Out (2017),Olga,Loved it!,Not Collected
The Wizard of Oz (1939),Aaron,Timeless!,Not Collected
